line,sample,mineral_1,sim_1,mineral_2,mineral_3
0,3,Sulfates,0.7894344978746302,Montmorillonite,Ilmenite
0,4,Sulfates,0.7313145613398121,Montmorillonite,Ilmenite
0,5,Sulfates,1.047576586686857,Montmorillonite,Ilmenite
0,6,Sulfates,0.7604565781811412,Montmorillonite,Ilmenite
0,7,Sulfates,0.7670304906149729,Montmorillonite,Ilmenite
0,8,Sulfates,0.7785880084721224,Montmorillonite,Ilmenite
0,9,Sulfates,0.817155619659127,Montmorillonite,Ilmenite
0,10,Sulfates,0.7739379896589665,Montmorillonite,Ilmenite
0,11,Sulfates,0.7619815286287565,Montmorillonite,Ilmenite
0,12,Sulfates,0.7380657580357683,Montmorillonite,Ilmenite
0,13,Sulfates,0.7423666248784521,Montmorillonite,Ilmenite
0,14,Sulfates,0.826406269873258,Montmorillonite,Ilmenite
0,15,Sulfates,0.790431875282836,Montmorillonite,Ilmenite
0,16,Sulfates,0.7870467620415067,Montmorillonite,Ilmenite
0,17,Sulfates,0.7569562930740112,Montmorillonite,Ilmenite
0,18,Sulfates,0.8566129591533594,Montmorillonite,Ilmenite
0,19,Sulfates,0.8496262991467423,Montmorillonite,Ilmenite
0,20,Sulfates,0.7686303730722632,Montmorillonite,Ilmenite
0,21,Sulfates,0.8221487860966634,Montmorillonite,Ilmenite
0,22,Sulfates,1.2516134937113734,Montmorillonite,Ilmenite
0,23,Sulfates,0.8475610428822834,Montmorillonite,Ilmenite
0,24,Sulfates,0.7932416020631524,Montmorillonite,Ilmenite
0,25,Sulfates,0.8536006527999122,Montmorillonite,Ilmenite
0,26,Sulfates,0.8149625438027709,Montmorillonite,Ilmenite
0,27,Sulfates,1.2574514514017707,Montmorillonite,Ilmenite
0,28,Sulfates,0.7688522318106079,Montmorillonite,Ilmenite
0,29,Sulfates,1.1370624675354908,Montmorillonite,Ilmenite
0,30,Sulfates,0.8477642200593916,Montmorillonite,Ilmenite
0,31,Sulfates,0.8353945461903163,Montmorillonite,Ilmenite
0,32,Sulfates,1.227326976829103,Montmorillonite,Ilmenite
0,33,Sulfates,1.2060283842901502,Montmorillonite,Ilmenite
0,34,Sulfates,0.8001876748042849,Montmorillonite,Ilmenite
0,35,Sulfates,0.8217290301248031,Montmorillonite,Ilmenite
0,36,Sulfates,0.8269213714507795,Montmorillonite,Ilmenite
0,37,Sulfates,0.8514407492060054,Montmorillonite,Ilmenite
0,38,Sulfates,1.1886707594323407,Montmorillonite,Ilmenite
0,39,Sulfates,0.8421622357736234,Montmorillonite,Ilmenite
0,40,Sulfates,0.8574604226753831,Montmorillonite,Ilmenite
0,41,Sulfates,0.8553136327984626,Montmorillonite,Ilmenite
0,42,Sulfates,0.6882978837174198,Montmorillonite,Nontronite
0,43,Sulfates,1.2287076229181177,Montmorillonite,Ilmenite
0,44,Sulfates,0.8036108331794107,Montmorillonite,Ilmenite
0,45,Sulfates,1.048431474967519,Montmorillonite,Ilmenite
0,46,Sulfates,0.7889207835658769,Montmorillonite,Ilmenite
0,47,Sulfates,0.6218957752227197,Montmorillonite,Nontronite
0,48,Sulfates,0.828466344357361,Montmorillonite,Ilmenite
0,49,Sulfates,0.7887644104404157,Montmorillonite,Ilmenite
0,50,Sulfates,0.8550844223564635,Montmorillonite,Ilmenite
0,51,Sulfates,0.7190829313228776,Montmorillonite,Ilmenite
0,52,Sulfates,0.7532292449718992,Montmorillonite,Ilmenite
0,53,Sulfates,0.6095870639912778,Montmorillonite,Ilmenite
0,54,Sulfates,0.6559961064655399,Montmorillonite,Ilmenite
0,55,Sulfates,0.9665281103435857,Montmorillonite,Ilmenite
0,56,Sulfates,0.7599453126565802,Montmorillonite,Ilmenite
0,57,Sulfates,0.8264354012077079,Montmorillonite,Ilmenite
0,58,Sulfates,0.6989638985795785,Montmorillonite,Ilmenite
0,59,Sulfates,0.8126938860719591,Montmorillonite,Ilmenite
0,60,Sulfates,0.6582225023676229,Montmorillonite,Ilmenite
0,61,Sulfates,0.5821290296915915,Montmorillonite,Ilmenite
1,3,Sulfates,0.7322560615559437,Montmorillonite,Ilmenite
1,4,Sulfates,0.7140383152111682,Montmorillonite,Ilmenite
1,5,Sulfates,0.9429370571075648,Montmorillonite,Ilmenite
1,6,Sulfates,0.7499948003656546,Montmorillonite,Ilmenite
1,7,Sulfates,0.7609854466220816,Montmorillonite,Ilmenite
1,8,Sulfates,0.7542003544166915,Montmorillonite,Ilmenite
1,9,Sulfates,0.8378288083719425,Montmorillonite,Ilmenite
1,10,Sulfates,0.7677638698570369,Montmorillonite,Ilmenite
1,11,Sulfates,0.7441861199329222,Montmorillonite,Ilmenite
1,12,Sulfates,0.7038422565569724,Montmorillonite,Ilmenite
1,13,Sulfates,0.759071384471728,Montmorillonite,Ilmenite
1,14,Sulfates,0.8412854962740395,Montmorillonite,Ilmenite
1,15,Sulfates,0.7665382610696481,Montmorillonite,Ilmenite
1,16,Sulfates,0.8296429394093423,Montmorillonite,Ilmenite
1,17,Sulfates,0.7696354527458386,Montmorillonite,Ilmenite
1,18,Sulfates,0.7210330207271024,Montmorillonite,Ilmenite
1,19,Sulfates,0.837070029003556,Montmorillonite,Ilmenite
1,20,Sulfates,0.8469943336703555,Montmorillonite,Ilmenite
1,21,Sulfates,0.8180217575723024,Montmorillonite,Ilmenite
1,22,Sulfates,0.8440697249304154,Montmorillonite,Ilmenite
1,23,Sulfates,0.6882826036740104,Montmorillonite,Nontronite
1,24,Sulfates,0.8076493687316327,Montmorillonite,Ilmenite
1,25,Sulfates,0.8187568912111877,Montmorillonite,Ilmenite
1,26,Sulfates,1.2907495729503402,Montmorillonite,Ilmenite
1,27,Sulfates,1.2058312040215533,Montmorillonite,Ilmenite
1,28,Sulfates,0.831141132314042,Montmorillonite,Ilmenite
1,29,Sulfates,0.8526142644729023,Montmorillonite,Ilmenite
1,30,Sulfates,0.8108199046405602,Montmorillonite,Ilmenite
1,31,Sulfates,1.228477851505074,Montmorillonite,Ilmenite
1,32,Sulfates,0.8076706981546788,Montmorillonite,Ilmenite
1,33,Sulfates,1.2929345941295245,Montmorillonite,Ilmenite
1,34,Sulfates,0.8519843982497064,Montmorillonite,Ilmenite
1,35,Sulfates,0.7788353748729695,Montmorillonite,Ilmenite
1,36,Sulfates,1.1911670179583125,Montmorillonite,Ilmenite
1,37,Sulfates,1.2551929853180706,Montmorillonite,Ilmenite
1,38,Sulfates,0.7548981917166545,Montmorillonite,Ilmenite
1,39,Sulfates,0.7835951476426608,Montmorillonite,Ilmenite
1,40,Sulfates,0.7530283788067968,Montmorillonite,Ilmenite
1,41,Sulfates,0.8097716089602844,Montmorillonite,Ilmenite
1,42,Sulfates,0.7174654511363912,Montmorillonite,Ilmenite
1,43,Sulfates,1.2209142873374283,Montmorillonite,Ilmenite
1,44,Sulfates,0.7007921959615273,Montmorillonite,Ilmenite
1,45,Sulfates,0.7318604646007857,Montmorillonite,Ilmenite
1,46,Sulfates,0.842121795198108,Montmorillonite,Ilmenite
1,47,Sulfates,0.778894497663136,Montmorillonite,Ilmenite
1,48,Sulfates,1.0240856277016415,Montmorillonite,Ilmenite
1,49,Sulfates,0.7377316670203913,Montmorillonite,Ilmenite
1,50,Sulfates,0.7846400155302171,Montmorillonite,Ilmenite
1,51,Sulfates,0.8041374519857012,Montmorillonite,Ilmenite
1,52,Sulfates,0.6692109913976927,Montmorillonite,Ilmenite
1,53,Sulfates,0.7272230240962467,Montmorillonite,Ilmenite
1,54,Sulfates,0.7918900003016688,Montmorillonite,Ilmenite
1,55,Sulfates,0.8012933210933781,Montmorillonite,Ilmenite
1,56,Sulfates,0.7148301154266163,Montmorillonite,Ilmenite
1,57,Sulfates,0.8051615283784646,Montmorillonite,Ilmenite
1,58,Sulfates,0.6419664691967701,Montmorillonite,Ilmenite
1,59,Sulfates,0.7436511746867708,Montmorillonite,Ilmenite
1,60,Sulfates,0.6140160412747622,Montmorillonite,Ilmenite
1,61,Sulfates,0.7044357823427153,Montmorillonite,Ilmenite
2,3,Sulfates,0.7479462698630244,Montmorillonite,Ilmenite
2,4,Sulfates,1.1555595365813807,Montmorillonite,Ilmenite
2,5,Sulfates,0.805614148277814,Montmorillonite,Ilmenite
2,6,Sulfates,0.706708668409725,Montmorillonite,Ilmenite
2,7,Sulfates,0.7651840588937641,Montmorillonite,Ilmenite
2,8,Sulfates,0.7476822324233193,Montmorillonite,Ilmenite
2,9,Sulfates,0.8062285020742455,Montmorillonite,Ilmenite
2,10,Sulfates,0.8008940088247046,Montmorillonite,Ilmenite
2,11,Sulfates,0.7691760713551954,Montmorillonite,Ilmenite
2,12,Sulfates,0.8516815716267502,Montmorillonite,Ilmenite
2,13,Sulfates,0.8013316567543731,Montmorillonite,Ilmenite
2,14,Sulfates,0.8279502058777971,Montmorillonite,Ilmenite
2,15,Sulfates,0.7366489639723359,Montmorillonite,Ilmenite
2,16,Sulfates,0.6798234653920621,Montmorillonite,Nontronite
2,17,Sulfates,0.7619839974529088,Montmorillonite,Ilmenite
2,18,Sulfates,0.7472793776531953,Montmorillonite,Ilmenite
2,19,Sulfates,0.7258194008709298,Montmorillonite,Ilmenite
2,20,Sulfates,0.8167580566797932,Montmorillonite,Ilmenite
2,21,Sulfates,0.6803794891248388,Montmorillonite,Nontronite
2,22,Sulfates,0.7046104625710634,Montmorillonite,Ilmenite
2,23,Sulfates,0.7250073804603433,Montmorillonite,Ilmenite
2,24,Sulfates,0.7252502405992957,Montmorillonite,Ilmenite
2,25,Sulfates,0.7796833804292316,Montmorillonite,Ilmenite
2,26,Sulfates,0.809196155867769,Montmorillonite,Ilmenite
2,27,Sulfates,1.241990177681864,Montmorillonite,Ilmenite
2,28,Sulfates,0.845369081426121,Montmorillonite,Ilmenite
2,29,Sulfates,0.8615229496147953,Montmorillonite,Ilmenite
2,30,Sulfates,1.2845382496956688,Montmorillonite,Ilmenite
2,31,Sulfates,1.1758624330367855,Montmorillonite,Ilmenite
2,32,Sulfates,1.2562804281233986,Montmorillonite,Ilmenite
2,33,Sulfates,0.827415605507596,Montmorillonite,Ilmenite
2,34,Sulfates,0.8099668936127395,Montmorillonite,Ilmenite
2,35,Sulfates,0.8021194001262217,Montmorillonite,Ilmenite
2,36,Sulfates,0.7691156857123028,Montmorillonite,Ilmenite
2,37,Sulfates,0.7694162533080859,Montmorillonite,Ilmenite
2,38,Sulfates,0.7971306508591577,Montmorillonite,Ilmenite
2,39,Sulfates,0.7547441855500719,Montmorillonite,Ilmenite
2,40,Sulfates,0.7791560328700264,Montmorillonite,Ilmenite
2,41,Sulfates,0.7488102807836573,Montmorillonite,Ilmenite
2,42,Sulfates,0.7417394046050846,Montmorillonite,Ilmenite
2,43,Sulfates,0.8518715092767185,Montmorillonite,Ilmenite
2,44,Sulfates,0.8385627082968294,Montmorillonite,Ilmenite
2,45,Sulfates,0.7222190553663471,Montmorillonite,Ilmenite
2,46,Sulfates,0.6771440415441825,Montmorillonite,Nontronite
2,47,Sulfates,0.7702275685449173,Montmorillonite,Ilmenite
2,48,Sulfates,0.7979760732948639,Montmorillonite,Ilmenite
2,49,Sulfates,0.7594974957141456,Montmorillonite,Ilmenite
2,50,Sulfates,1.111049210908577,Montmorillonite,Ilmenite
2,51,Sulfates,0.6834132061350771,Montmorillonite,Ilmenite
2,52,Sulfates,0.8174600504780134,Montmorillonite,Ilmenite
2,53,Sulfates,0.7172566839397658,Montmorillonite,Ilmenite
2,54,Sulfates,0.7603155569814519,Montmorillonite,Ilmenite
2,55,Sulfates,0.5903332356602156,Montmorillonite,Ilmenite
2,56,Sulfates,0.6988409267003917,Montmorillonite,Ilmenite
2,57,Sulfates,0.7875951695817553,Montmorillonite,Ilmenite
2,58,Sulfates,0.8252514218469194,Montmorillonite,Ilmenite
2,59,Sulfates,0.7268613496974116,Montmorillonite,Ilmenite
2,60,Sulfates,0.8215687346448471,Montmorillonite,Ilmenite
2,61,Sulfates,0.6954850345985971,Montmorillonite,Ilmenite
3,3,Sulfates,0.6820728454573303,Montmorillonite,Ilmenite
3,4,Sulfates,0.6984397883773239,Montmorillonite,Ilmenite
3,5,Sulfates,0.7204788811727134,Montmorillonite,Ilmenite
3,6,Sulfates,0.672702306442662,Montmorillonite,Ilmenite
3,7,Sulfates,0.7541764843532198,Montmorillonite,Ilmenite
3,8,Sulfates,0.7545549873532434,Montmorillonite,Ilmenite
3,9,Sulfates,0.7974419991379762,Montmorillonite,Ilmenite
3,10,Sulfates,0.6313373294777962,Montmorillonite,Nontronite
3,11,Sulfates,0.7928300094213834,Montmorillonite,Ilmenite
3,12,Sulfates,0.6215961620636882,Montmorillonite,Nontronite
3,13,Sulfates,0.787637788366058,Montmorillonite,Ilmenite
3,14,Sulfates,0.846016881298368,Montmorillonite,Ilmenite
3,15,Sulfates,0.8588896107878047,Montmorillonite,Ilmenite
3,16,Sulfates,0.7160650929345431,Montmorillonite,Ilmenite
3,17,Sulfates,0.7948512297461974,Montmorillonite,Ilmenite
3,18,Sulfates,0.6474262676588238,Montmorillonite,Nontronite
3,19,Sulfates,0.789344216272524,Montmorillonite,Ilmenite
3,20,Sulfates,0.7409343573116903,Montmorillonite,Ilmenite
3,21,Sulfates,0.7216067296727976,Montmorillonite,Ilmenite
3,22,Sulfates,0.787433446500549,Montmorillonite,Ilmenite
3,23,Sulfates,0.771553422781579,Montmorillonite,Ilmenite
3,24,Sulfates,0.7275483990584511,Montmorillonite,Ilmenite
3,25,Sulfates,0.8273243135063566,Montmorillonite,Ilmenite
3,26,Sulfates,0.8620822844103577,Montmorillonite,Ilmenite
3,27,Sulfates,0.8453982293350905,Montmorillonite,Ilmenite
3,28,Sulfates,0.8215902025163601,Montmorillonite,Ilmenite
3,29,Sulfates,1.275821257793474,Montmorillonite,Ilmenite
3,30,Sulfates,0.7855305306630412,Montmorillonite,Ilmenite
3,31,Sulfates,0.8235035041073935,Montmorillonite,Ilmenite
3,32,Sulfates,1.2451973531289389,Montmorillonite,Ilmenite
3,33,Sulfates,0.8421926552229514,Montmorillonite,Ilmenite
3,34,Sulfates,0.7218215984121292,Montmorillonite,Ilmenite
3,35,Sulfates,0.8160275647693509,Montmorillonite,Ilmenite
3,36,Sulfates,0.8278212295620944,Montmorillonite,Ilmenite
3,37,Sulfates,1.262550717861032,Montmorillonite,Ilmenite
3,38,Sulfates,0.7831965723576532,Montmorillonite,Ilmenite
3,39,Sulfates,0.809328567375082,Montmorillonite,Ilmenite
3,40,Sulfates,0.6378586612733336,Montmorillonite,Nontronite
3,41,Sulfates,0.7680001778691955,Montmorillonite,Ilmenite
3,42,Sulfates,0.7673813423809686,Montmorillonite,Ilmenite
3,43,Sulfates,0.8272417672046585,Montmorillonite,Ilmenite
3,44,Sulfates,0.8298209666965063,Montmorillonite,Ilmenite
3,45,Sulfates,0.8036633115542782,Montmorillonite,Ilmenite
3,46,Sulfates,0.6764006613326577,Montmorillonite,Nontronite
3,47,Sulfates,0.7889018496942787,Montmorillonite,Ilmenite
3,48,Sulfates,0.7868855669066724,Montmorillonite,Ilmenite
3,49,Sulfates,0.7966587466369706,Montmorillonite,Ilmenite
3,50,Sulfates,0.7361935905258462,Montmorillonite,Ilmenite
3,51,Sulfates,0.8339530565468924,Montmorillonite,Ilmenite
3,52,Sulfates,0.7727074324214555,Montmorillonite,Ilmenite
3,53,Sulfates,0.8550826447127288,Montmorillonite,Ilmenite
3,54,Sulfates,0.822499286159661,Montmorillonite,Ilmenite
3,55,Sulfates,0.7041186885655811,Montmorillonite,Ilmenite
3,56,Sulfates,0.7789364188930905,Montmorillonite,Ilmenite
3,57,Sulfates,0.7408983776070502,Montmorillonite,Ilmenite
3,58,Sulfates,0.7381708291746857,Montmorillonite,Ilmenite
3,59,Sulfates,0.7011907937345879,Montmorillonite,Ilmenite
3,60,Sulfates,0.7576320712419016,Montmorillonite,Ilmenite
3,61,Sulfates,0.6535586677179301,Montmorillonite,Ilmenite
4,3,Sulfates,0.8441099551702426,Montmorillonite,Ilmenite
4,4,Sulfates,0.855408698568636,Montmorillonite,Ilmenite
4,5,Sulfates,0.7555801726518258,Montmorillonite,Ilmenite
4,6,Sulfates,0.7841355609263628,Montmorillonite,Ilmenite
4,7,Sulfates,0.5213848604577056,Montmorillonite,Nontronite
4,8,Sulfates,0.5456174530513808,Montmorillonite,Nontronite
4,9,Sulfates,0.5011782442453885,Montmorillonite,Nontronite
4,10,Sulfates,0.6053796941109427,Montmorillonite,Nontronite
4,11,Sulfates,0.5826517780925499,Montmorillonite,Nontronite
4,12,Sulfates,0.5872205391165811,Montmorillonite,Nontronite
4,13,Sulfates,0.5763778151499214,Montmorillonite,Nontronite
4,14,Sulfates,0.6497358234066165,Montmorillonite,Nontronite
4,15,Sulfates,0.7634756448067792,Montmorillonite,Ilmenite
4,16,Sulfates,0.698970455651918,Montmorillonite,Ilmenite
4,17,Sulfates,0.661983290543867,Montmorillonite,Nontronite
4,18,Sulfates,0.6284028644841594,Montmorillonite,Nontronite
4,19,Sulfates,0.6096836979583721,Montmorillonite,Nontronite
4,20,Sulfates,0.8434949497799813,Montmorillonite,Ilmenite
4,21,Sulfates,0.6985102932075645,Montmorillonite,Nontronite
4,22,Sulfates,0.82018367875864,Montmorillonite,Ilmenite
4,23,Sulfates,0.7101394823452262,Montmorillonite,Ilmenite
4,24,Sulfates,0.8484404204845457,Montmorillonite,Ilmenite
4,25,Sulfates,0.8026248464048372,Montmorillonite,Ilmenite
4,26,Sulfates,0.817078688967827,Montmorillonite,Ilmenite
4,27,Sulfates,0.8561260797712927,Montmorillonite,Ilmenite
4,28,Sulfates,0.8530637779262156,Montmorillonite,Ilmenite
4,29,Sulfates,0.7239479624605997,Montmorillonite,Ilmenite
4,30,Sulfates,0.7843544593921773,Montmorillonite,Ilmenite
4,31,Sulfates,0.8081884121953534,Montmorillonite,Ilmenite
4,32,Sulfates,0.7484598072941913,Montmorillonite,Ilmenite
4,33,Sulfates,0.8174511901481792,Montmorillonite,Ilmenite
4,34,Sulfates,0.8398496391040595,Montmorillonite,Ilmenite
4,35,Sulfates,0.7996298992996794,Montmorillonite,Ilmenite
4,36,Sulfates,0.8038977662980151,Montmorillonite,Ilmenite
4,37,Sulfates,0.7549162641956908,Montmorillonite,Ilmenite
4,38,Sulfates,0.7387769840958839,Montmorillonite,Ilmenite
4,39,Sulfates,0.7326384364302284,Montmorillonite,Ilmenite
4,40,Sulfates,0.7169537507961914,Montmorillonite,Ilmenite
4,41,Sulfates,0.6920686976480211,Montmorillonite,Nontronite
4,42,Sulfates,0.6928377361116416,Montmorillonite,Nontronite
4,43,Sulfates,0.7899688257926748,Montmorillonite,Ilmenite
4,44,Sulfates,0.7838776924563927,Montmorillonite,Ilmenite
4,45,Sulfates,0.805746843855216,Montmorillonite,Ilmenite
4,46,Sulfates,0.780404374934042,Montmorillonite,Ilmenite
4,47,Sulfates,0.7219469247384664,Montmorillonite,Ilmenite
4,48,Sulfates,0.6931985975931496,Montmorillonite,Nontronite
4,49,Sulfates,0.7780804887065097,Montmorillonite,Ilmenite
4,50,Sulfates,0.7234585292111275,Montmorillonite,Ilmenite
4,51,Sulfates,0.8274937255025081,Montmorillonite,Ilmenite
4,52,Sulfates,0.8489525484655643,Montmorillonite,Ilmenite
4,53,Sulfates,0.7916098800368904,Montmorillonite,Ilmenite
4,54,Sulfates,0.7777667832253213,Montmorillonite,Ilmenite
4,55,Sulfates,0.760830335549021,Montmorillonite,Ilmenite
4,56,Sulfates,0.8336181424586381,Montmorillonite,Ilmenite
4,57,Sulfates,0.7484261564837017,Montmorillonite,Ilmenite
4,58,Sulfates,0.7385390615454034,Montmorillonite,Ilmenite
4,59,Sulfates,0.6881034043502083,Montmorillonite,Ilmenite
4,60,Sulfates,0.7490242231590276,Montmorillonite,Ilmenite
4,61,Sulfates,0.7466253901923446,Montmorillonite,Ilmenite
5,3,Sulfates,0.8186119030952571,Montmorillonite,Ilmenite
5,4,Sulfates,0.8193463061785454,Montmorillonite,Ilmenite
5,5,Sulfates,0.41990679280160326,Montmorillonite,Nontronite
5,6,Sulfates,0.769831041962939,Montmorillonite,Ilmenite
5,7,Sulfates,0.7282261202792233,Montmorillonite,Ilmenite
5,8,Sulfates,0.539796455773501,Montmorillonite,Nontronite
5,9,Sulfates,0.6959301908131479,Montmorillonite,Nontronite
5,10,Sulfates,0.5724265353995478,Montmorillonite,Nontronite
5,11,Sulfates,0.5826085178040845,Montmorillonite,Nontronite
5,12,Sulfates,0.5942568270850106,Montmorillonite,Nontronite
5,13,Sulfates,0.6009209017135488,Montmorillonite,Nontronite
5,14,Sulfates,0.6614009088968141,Montmorillonite,Nontronite
5,15,Sulfates,0.7565985635672109,Montmorillonite,Ilmenite
5,16,Sulfates,0.804831368015368,Montmorillonite,Ilmenite
5,17,Sulfates,0.753130586754043,Montmorillonite,Ilmenite
5,18,Sulfates,0.7757579603371518,Montmorillonite,Ilmenite
5,19,Sulfates,0.73160223740555,Montmorillonite,Ilmenite
5,20,Sulfates,0.6754071638684792,Montmorillonite,Nontronite
5,21,Sulfates,0.6851775931602966,Montmorillonite,Nontronite
5,22,Sulfates,0.7961315083237978,Montmorillonite,Ilmenite
5,23,Sulfates,0.8491884381519733,Montmorillonite,Ilmenite
5,24,Sulfates,0.8588328820683749,Montmorillonite,Ilmenite
5,25,Sulfates,0.7929688302514537,Montmorillonite,Ilmenite
5,26,Sulfates,0.8155149993742624,Montmorillonite,Ilmenite
5,27,Sulfates,0.8557623539103107,Montmorillonite,Ilmenite
5,28,Sulfates,0.8363105494563742,Montmorillonite,Ilmenite
5,29,Sulfates,0.8575936823790776,Montmorillonite,Ilmenite
5,30,Sulfates,0.7717838121623001,Montmorillonite,Ilmenite
5,31,Sulfates,1.2314244933174956,Montmorillonite,Ilmenite
5,32,Sulfates,1.2627159460586166,Montmorillonite,Ilmenite
5,33,Sulfates,0.8548826557219283,Montmorillonite,Ilmenite
5,34,Sulfates,0.8184968552774518,Montmorillonite,Ilmenite
5,35,Sulfates,0.8276487958048757,Montmorillonite,Ilmenite
5,36,Sulfates,0.6465558383769334,Montmorillonite,Nontronite
5,37,Sulfates,0.743223193589011,Montmorillonite,Ilmenite
5,38,Sulfates,0.7249185579974645,Montmorillonite,Ilmenite
5,39,Sulfates,0.8143649879572893,Montmorillonite,Ilmenite
5,40,Sulfates,0.7067705088923639,Montmorillonite,Ilmenite
5,41,Sulfates,1.0095350152691247,Montmorillonite,Ilmenite
5,42,Sulfates,0.8068152395213528,Montmorillonite,Ilmenite
5,43,Sulfates,0.8600221070146568,Montmorillonite,Ilmenite
5,44,Sulfates,0.8444876175357838,Montmorillonite,Ilmenite
5,45,Sulfates,0.8308298368453041,Montmorillonite,Ilmenite
5,46,Sulfates,0.7881298130478448,Montmorillonite,Ilmenite
5,47,Sulfates,0.8373686325574923,Montmorillonite,Ilmenite
5,48,Sulfates,0.8522446340209114,Montmorillonite,Ilmenite
5,49,Sulfates,0.6932567455302061,Montmorillonite,Nontronite
5,50,Sulfates,0.7234497392433968,Montmorillonite,Ilmenite
5,51,Sulfates,0.8471771517146338,Montmorillonite,Ilmenite
5,52,Sulfates,0.8586156076610982,Montmorillonite,Ilmenite
5,53,Sulfates,1.0607272989448144,Montmorillonite,Ilmenite
5,54,Sulfates,1.2339408291942293,Montmorillonite,Ilmenite
5,55,Sulfates,1.019352848743368,Montmorillonite,Ilmenite
5,56,Sulfates,0.7547229314321947,Montmorillonite,Ilmenite
5,57,Sulfates,0.6767112674346079,Montmorillonite,Ilmenite
5,58,Sulfates,1.2382854410021258,Montmorillonite,Ilmenite
5,59,Sulfates,1.273705825038393,Montmorillonite,Ilmenite
5,60,Sulfates,0.6194199549870466,Montmorillonite,Ilmenite
5,61,Sulfates,0.8840253979219045,Montmorillonite,Ilmenite
6,3,Sulfates,0.8071941111916572,Montmorillonite,Ilmenite
6,4,Sulfates,0.662763831457827,Montmorillonite,Nontronite
6,5,Sulfates,0.8450045514385935,Montmorillonite,Ilmenite
6,6,Sulfates,0.8319740610066695,Montmorillonite,Ilmenite
6,7,Sulfates,0.8162336214204009,Montmorillonite,Ilmenite
6,8,Sulfates,0.6040801360708418,Montmorillonite,Nontronite
6,9,Sulfates,0.7301167221727356,Montmorillonite,Ilmenite
6,10,Sulfates,0.8245791745573624,Montmorillonite,Ilmenite
6,11,Sulfates,0.7936336801284887,Montmorillonite,Ilmenite
6,12,Sulfates,0.755604819257236,Montmorillonite,Ilmenite
6,13,Sulfates,0.7756076097433983,Montmorillonite,Ilmenite
6,14,Sulfates,1.1009646212360595,Montmorillonite,Ilmenite
6,15,Sulfates,0.8119992810445421,Montmorillonite,Ilmenite
6,16,Sulfates,0.8498025469117351,Montmorillonite,Ilmenite
6,17,Sulfates,0.6559138241882339,Montmorillonite,Nontronite
6,18,Sulfates,0.6453228438993807,Montmorillonite,Nontronite
6,19,Sulfates,0.6359271767050384,Montmorillonite,Nontronite
6,20,Sulfates,0.7311748358985494,Montmorillonite,Ilmenite
6,21,Sulfates,0.7539407882471907,Montmorillonite,Ilmenite
6,22,Sulfates,0.6216665245153598,Montmorillonite,Nontronite
6,23,Sulfates,0.6646811252477928,Montmorillonite,Nontronite
6,24,Sulfates,0.7720148725097096,Montmorillonite,Ilmenite
6,25,Sulfates,0.7131753870077586,Montmorillonite,Ilmenite
6,26,Sulfates,0.7434717541150015,Montmorillonite,Ilmenite
6,27,Sulfates,0.7687649105331882,Montmorillonite,Ilmenite
6,28,Sulfates,0.6719135018465977,Montmorillonite,Nontronite
6,29,Sulfates,0.8455009692898093,Montmorillonite,Ilmenite
6,30,Sulfates,0.842083850044927,Montmorillonite,Ilmenite
6,31,Sulfates,0.7281469736835098,Montmorillonite,Ilmenite
6,32,Sulfates,0.6747291254809696,Montmorillonite,Nontronite
6,33,Sulfates,0.6090583736437282,Montmorillonite,Nontronite
6,34,Sulfates,0.6424473287104486,Montmorillonite,Nontronite
6,35,Sulfates,0.5959917440761372,Montmorillonite,Nontronite
6,36,Sulfates,0.5920237277550792,Montmorillonite,Nontronite
6,37,Sulfates,0.5207096614590772,Montmorillonite,Nontronite
6,38,Sulfates,0.6532333490966781,Montmorillonite,Nontronite
6,39,Sulfates,0.6345379617437829,Montmorillonite,Nontronite
6,40,Sulfates,0.6283037668829484,Montmorillonite,Nontronite
6,41,Sulfates,0.7902021467952578,Montmorillonite,Ilmenite
6,42,Sulfates,0.6115653236870644,Montmorillonite,Nontronite
6,43,Sulfates,0.54067504097744,Montmorillonite,Nontronite
6,44,Sulfates,0.6225271829332741,Montmorillonite,Nontronite
6,45,Sulfates,0.7212269470011945,Montmorillonite,Ilmenite
6,46,Sulfates,0.6568303492025714,Montmorillonite,Nontronite
6,47,Sulfates,0.5440749073701672,Montmorillonite,Nontronite
6,48,Sulfates,0.7705717060571771,Montmorillonite,Ilmenite
6,49,Sulfates,0.8588126749024801,Montmorillonite,Ilmenite
6,50,Sulfates,0.8343826038271437,Montmorillonite,Ilmenite
6,51,Sulfates,0.6876781166492472,Montmorillonite,Nontronite
6,52,Sulfates,0.7256092259607813,Montmorillonite,Ilmenite
6,53,Sulfates,0.6439972421120829,Montmorillonite,Ilmenite
6,54,Sulfates,0.7003038999808996,Montmorillonite,Ilmenite
6,55,Sulfates,1.2291148226480613,Montmorillonite,Ilmenite
6,56,Sulfates,0.8307620513006656,Montmorillonite,Ilmenite
6,57,Sulfates,1.1654685720519042,Montmorillonite,Ilmenite
6,58,Sulfates,1.0232933841956346,Montmorillonite,Ilmenite
6,59,Sulfates,0.6635136482612367,Montmorillonite,Ilmenite
6,60,Sulfates,0.7165497027439155,Montmorillonite,Ilmenite
6,61,Sulfates,1.1180409869425418,Montmorillonite,Ilmenite
7,3,Sulfates,0.8493566705517146,Montmorillonite,Ilmenite
7,4,Sulfates,0.6051680964120532,Montmorillonite,Nontronite
7,5,Sulfates,0.7842662480067896,Montmorillonite,Ilmenite
7,6,Sulfates,0.6842191175793509,Montmorillonite,Ilmenite
7,7,Sulfates,0.7458284356612455,Montmorillonite,Ilmenite
7,8,Sulfates,0.7303799620922569,Montmorillonite,Ilmenite
7,9,Sulfates,0.671052123812422,Montmorillonite,Nontronite
7,10,Sulfates,0.7643545290173269,Montmorillonite,Ilmenite
7,11,Sulfates,0.7377909764554258,Montmorillonite,Ilmenite
7,12,Sulfates,0.7437277895771522,Montmorillonite,Ilmenite
7,13,Sulfates,0.7493504725830884,Montmorillonite,Ilmenite
7,14,Sulfates,0.8252405460024143,Montmorillonite,Ilmenite
7,15,Sulfates,0.7617389142432905,Montmorillonite,Ilmenite
7,16,Sulfates,0.69399420806767,Montmorillonite,Nontronite
7,17,Sulfates,0.6575622423536842,Montmorillonite,Nontronite
7,18,Sulfates,0.6627589402787992,Montmorillonite,Nontronite
7,19,Sulfates,0.6166257246545852,Montmorillonite,Nontronite
7,20,Sulfates,0.5748996102862964,Montmorillonite,Nontronite
7,21,Sulfates,0.5741082771892287,Montmorillonite,Nontronite
7,22,Sulfates,0.6226359603851976,Montmorillonite,Nontronite
7,23,Sulfates,0.6611450161017091,Montmorillonite,Nontronite
7,24,Sulfates,0.6376164485528891,Montmorillonite,Nontronite
7,25,Sulfates,0.550067938282568,Montmorillonite,Nontronite
7,26,Sulfates,0.3953202969803785,Montmorillonite,Nontronite
7,27,Sulfates,0.5981585333472743,Montmorillonite,Nontronite
7,28,Sulfates,0.6862455544350328,Montmorillonite,Nontronite
7,29,Sulfates,0.6798579741069891,Montmorillonite,Nontronite
7,30,Sulfates,0.5733497501707312,Montmorillonite,Nontronite
7,31,Sulfates,0.5486567151392677,Montmorillonite,Nontronite
7,32,Sulfates,0.6855352052677286,Montmorillonite,Nontronite
7,33,Sulfates,0.5778377181175636,Montmorillonite,Nontronite
7,34,Sulfates,0.6402970919070495,Montmorillonite,Nontronite
7,35,Sulfates,0.764212807897091,Montmorillonite,Ilmenite
7,36,Sulfates,0.5789899180621985,Montmorillonite,Nontronite
7,37,Sulfates,0.6931828552317534,Montmorillonite,Nontronite
7,38,Sulfates,0.635865310359554,Montmorillonite,Nontronite
7,39,Sulfates,0.6455786941263597,Montmorillonite,Nontronite
7,40,Sulfates,0.6611096524006084,Montmorillonite,Nontronite
7,41,Sulfates,0.7847795613249997,Montmorillonite,Ilmenite
7,42,Sulfates,0.5890509690210529,Montmorillonite,Nontronite
7,43,Sulfates,0.7483309336117179,Montmorillonite,Ilmenite
7,44,Sulfates,0.7774739625011761,Montmorillonite,Ilmenite
7,45,Sulfates,0.6914455144660339,Montmorillonite,Nontronite
7,46,Sulfates,0.6335931978640107,Montmorillonite,Nontronite
7,47,Sulfates,0.546954744364619,Montmorillonite,Nontronite
7,48,Sulfates,0.4838001096156591,Montmorillonite,Nontronite
7,49,Sulfates,0.5965117351853121,Montmorillonite,Nontronite
7,50,Sulfates,0.5481564038697322,Montmorillonite,Nontronite
7,51,Sulfates,0.7092278228504673,Montmorillonite,Ilmenite
7,52,Sulfates,0.7859340356108556,Montmorillonite,Ilmenite
7,53,Sulfates,0.6566745018527251,Montmorillonite,Nontronite
7,54,Sulfates,0.8226022686222242,Montmorillonite,Ilmenite
7,55,Sulfates,0.83161841821188,Montmorillonite,Ilmenite
7,56,Sulfates,0.7774324767518045,Montmorillonite,Ilmenite
7,57,Sulfates,0.7044438552230385,Montmorillonite,Ilmenite
7,58,Sulfates,0.7839359140672454,Montmorillonite,Ilmenite
7,59,Sulfates,0.6836958080709233,Montmorillonite,Ilmenite
7,60,Sulfates,0.7139163964381839,Montmorillonite,Ilmenite
7,61,Sulfates,0.615247191014469,Montmorillonite,Ilmenite
8,3,Sulfates,0.7377169051574272,Montmorillonite,Ilmenite
8,4,Sulfates,1.0815993809108468,Montmorillonite,Ilmenite
8,5,Sulfates,0.660595462158543,Montmorillonite,Ilmenite
8,6,Sulfates,1.0520224915882117,Montmorillonite,Ilmenite
8,7,Sulfates,0.8499795707197357,Montmorillonite,Ilmenite
8,8,Sulfates,0.7803385193876552,Montmorillonite,Ilmenite
8,9,Sulfates,1.1195462999700143,Montmorillonite,Ilmenite
8,10,Sulfates,1.004536573155538,Montmorillonite,Ilmenite
8,11,Sulfates,0.8444079363620574,Montmorillonite,Ilmenite
8,12,Sulfates,0.8407311195230067,Montmorillonite,Ilmenite
8,13,Sulfates,1.1290483885726237,Montmorillonite,Ilmenite
8,14,Sulfates,1.1700766902967024,Montmorillonite,Ilmenite
8,15,Sulfates,0.8495426566309274,Montmorillonite,Ilmenite
8,16,Sulfates,1.0445116064536362,Montmorillonite,Ilmenite
8,17,Sulfates,0.8487462780591567,Montmorillonite,Ilmenite
8,18,Sulfates,0.8431383027508831,Montmorillonite,Ilmenite
8,19,Sulfates,0.7985357952361274,Montmorillonite,Ilmenite
8,20,Sulfates,1.2529124409256467,Montmorillonite,Ilmenite
8,21,Sulfates,0.8181798882798735,Montmorillonite,Ilmenite
8,22,Sulfates,0.8060821848798062,Montmorillonite,Ilmenite
8,23,Sulfates,0.7133308619232139,Montmorillonite,Ilmenite
8,24,Sulfates,0.8401565258267939,Montmorillonite,Ilmenite
8,25,Sulfates,0.7609539356948292,Montmorillonite,Ilmenite
8,26,Sulfates,0.8330307487477421,Montmorillonite,Ilmenite
8,27,Sulfates,0.6788926770442903,Montmorillonite,Nontronite
8,28,Sulfates,0.7670390668980498,Montmorillonite,Ilmenite
8,29,Sulfates,0.7622989524129425,Montmorillonite,Ilmenite
8,30,Sulfates,0.6639043014373354,Montmorillonite,Nontronite
8,31,Sulfates,0.6533964164905768,Montmorillonite,Nontronite
8,32,Sulfates,0.5989698450820503,Montmorillonite,Nontronite
8,33,Sulfates,0.8565918096404896,Montmorillonite,Ilmenite
8,34,Sulfates,0.7178632811909427,Montmorillonite,Ilmenite
8,35,Sulfates,0.6440761823922787,Montmorillonite,Nontronite
8,36,Sulfates,0.6642002961040888,Montmorillonite,Nontronite
8,37,Sulfates,0.7593436219210443,Montmorillonite,Ilmenite
8,38,Sulfates,0.7037593777383162,Montmorillonite,Ilmenite
8,39,Sulfates,0.7038365280698362,Montmorillonite,Ilmenite
8,40,Sulfates,0.8493226544982351,Montmorillonite,Ilmenite
8,41,Sulfates,0.8450119968805457,Montmorillonite,Ilmenite
8,42,Sulfates,0.8089568795801613,Montmorillonite,Ilmenite
8,43,Sulfates,0.8494499350342677,Montmorillonite,Ilmenite
8,44,Sulfates,0.6536145827645463,Montmorillonite,Nontronite
8,45,Sulfates,0.8476130856498746,Montmorillonite,Ilmenite
8,46,Sulfates,0.7293369361572933,Montmorillonite,Ilmenite
8,47,Sulfates,0.6823057797378236,Montmorillonite,Nontronite
8,48,Sulfates,0.6709061858468218,Montmorillonite,Nontronite
8,49,Sulfates,0.4558992284030169,Montmorillonite,Nontronite
8,50,Sulfates,0.4944315924795006,Montmorillonite,Nontronite
8,51,Sulfates,0.6360255495286893,Montmorillonite,Nontronite
8,52,Sulfates,0.7009358808598197,Montmorillonite,Ilmenite
8,53,Sulfates,0.5719933267256309,Montmorillonite,Nontronite
8,54,Sulfates,0.6004464757540121,Montmorillonite,Nontronite
8,55,Sulfates,0.8234895211366096,Montmorillonite,Ilmenite
8,56,Sulfates,0.6941841108605148,Montmorillonite,Nontronite
8,57,Sulfates,0.6775447848444146,Montmorillonite,Ilmenite
8,58,Sulfates,0.760397561436283,Montmorillonite,Ilmenite
8,59,Sulfates,0.7292187340128565,Montmorillonite,Ilmenite
8,60,Sulfates,0.7874954663446343,Montmorillonite,Ilmenite
8,61,Sulfates,0.6751342322270129,Montmorillonite,Ilmenite
9,3,Sulfates,0.7571759860955156,Montmorillonite,Ilmenite
9,4,Sulfates,0.7214619104158374,Montmorillonite,Ilmenite
9,5,Sulfates,1.0915485694641989,Montmorillonite,Ilmenite
9,6,Sulfates,0.7573465583727447,Montmorillonite,Ilmenite
9,7,Sulfates,0.6913168822424837,Montmorillonite,Ilmenite
9,8,Sulfates,0.8057438876460772,Montmorillonite,Ilmenite
9,9,Sulfates,1.1266583441198657,Montmorillonite,Ilmenite
9,10,Sulfates,1.028418817335633,Montmorillonite,Ilmenite
9,11,Sulfates,0.819837717142175,Montmorillonite,Ilmenite
9,12,Sulfates,0.8158890223235613,Montmorillonite,Ilmenite
9,13,Sulfates,0.7164233296317905,Montmorillonite,Ilmenite
9,14,Sulfates,0.787744977409276,Montmorillonite,Ilmenite
9,15,Sulfates,0.8107880157208104,Montmorillonite,Ilmenite
9,16,Sulfates,0.6234073233814788,Montmorillonite,Nontronite
9,17,Sulfates,0.7221120456607173,Montmorillonite,Ilmenite
9,18,Sulfates,0.775243640470168,Montmorillonite,Ilmenite
9,19,Sulfates,0.7565070215022758,Montmorillonite,Ilmenite
9,20,Sulfates,0.7019182012131585,Montmorillonite,Ilmenite
9,21,Sulfates,0.7295340150328908,Montmorillonite,Ilmenite
9,22,Sulfates,0.753301099755911,Montmorillonite,Ilmenite
9,23,Sulfates,0.6088735646528295,Montmorillonite,Nontronite
9,24,Sulfates,0.6020759587942208,Montmorillonite,Nontronite
9,25,Sulfates,0.6638384985042242,Montmorillonite,Nontronite
9,26,Sulfates,0.6687890136977012,Montmorillonite,Nontronite
9,27,Sulfates,0.6913100113387165,Montmorillonite,Nontronite
9,28,Sulfates,0.7438681599395096,Montmorillonite,Ilmenite
9,29,Sulfates,0.7450641445558748,Montmorillonite,Ilmenite
9,30,Sulfates,0.6613351556870979,Montmorillonite,Nontronite
9,31,Sulfates,0.6760337999696832,Montmorillonite,Nontronite
9,32,Sulfates,0.7896569532400685,Montmorillonite,Ilmenite
9,33,Sulfates,0.7055199542598949,Montmorillonite,Ilmenite
9,34,Sulfates,0.7317601488400367,Montmorillonite,Ilmenite
9,35,Sulfates,0.6767833552941973,Montmorillonite,Nontronite
9,36,Sulfates,0.6635287706312654,Montmorillonite,Nontronite
9,37,Sulfates,0.6101214372103879,Montmorillonite,Nontronite
9,38,Sulfates,0.7613633400815198,Montmorillonite,Ilmenite
9,39,Sulfates,0.7667314922230994,Montmorillonite,Ilmenite
9,40,Sulfates,0.7465660291795192,Montmorillonite,Ilmenite
9,41,Sulfates,0.6601914143720774,Montmorillonite,Nontronite
9,42,Sulfates,0.7928294385839822,Montmorillonite,Ilmenite
9,43,Sulfates,0.826956169933649,Montmorillonite,Ilmenite
9,44,Sulfates,0.8463525467666652,Montmorillonite,Ilmenite
9,45,Sulfates,0.678012960582126,Montmorillonite,Ilmenite
9,46,Sulfates,0.7901555964985196,Montmorillonite,Ilmenite
9,47,Sulfates,0.8586277142265175,Montmorillonite,Ilmenite
9,48,Sulfates,0.834989394573429,Montmorillonite,Ilmenite
9,49,Sulfates,0.7537254030565662,Montmorillonite,Ilmenite
9,50,Sulfates,0.5259437115494892,Montmorillonite,Nontronite
9,51,Sulfates,0.6327005938495388,Montmorillonite,Nontronite
9,52,Sulfates,0.6686658341065665,Montmorillonite,Nontronite
9,53,Sulfates,0.8181577313786392,Montmorillonite,Ilmenite
9,54,Sulfates,0.8207273946229061,Montmorillonite,Ilmenite
9,55,Sulfates,0.8278786069395104,Montmorillonite,Ilmenite
9,56,Sulfates,0.750665994187256,Montmorillonite,Ilmenite
9,57,Sulfates,0.8365650942123503,Montmorillonite,Ilmenite
9,58,Sulfates,0.7529524321945625,Montmorillonite,Ilmenite
9,59,Sulfates,0.8368525036819627,Montmorillonite,Ilmenite
9,60,Sulfates,0.7177752973000479,Montmorillonite,Ilmenite
9,61,Sulfates,0.6858060992797489,Montmorillonite,Ilmenite
10,3,Sulfates,0.7679742583005879,Montmorillonite,Ilmenite
10,4,Sulfates,0.5388960659412733,Montmorillonite,Nontronite
10,5,Sulfates,0.7661534711548986,Montmorillonite,Ilmenite
10,6,Sulfates,0.7447531667337338,Montmorillonite,Ilmenite
10,7,Sulfates,0.8459462249190934,Montmorillonite,Ilmenite
10,8,Sulfates,0.7772435067323995,Montmorillonite,Ilmenite
10,9,Sulfates,0.9163744532560728,Montmorillonite,Ilmenite
10,10,Sulfates,0.8242566128163934,Montmorillonite,Ilmenite
10,11,Sulfates,0.7863110206619989,Montmorillonite,Ilmenite
10,12,Sulfates,0.8541804102929391,Montmorillonite,Ilmenite
10,13,Sulfates,0.6944788545705015,Montmorillonite,Nontronite
10,14,Sulfates,0.7953003441940415,Montmorillonite,Ilmenite
10,15,Sulfates,0.6720254654017002,Montmorillonite,Nontronite
10,16,Sulfates,0.631542029591315,Montmorillonite,Nontronite
10,17,Sulfates,0.5907598057522665,Montmorillonite,Nontronite
10,18,Sulfates,0.6351859779974067,Montmorillonite,Nontronite
10,19,Sulfates,0.6017667217124673,Montmorillonite,Nontronite
10,20,Sulfates,0.5433185383591719,Montmorillonite,Nontronite
10,21,Sulfates,0.5702601582865614,Montmorillonite,Nontronite
10,22,Sulfates,0.35597069667310677,Montmorillonite,Nontronite
10,23,Sulfates,0.5127447380817297,Montmorillonite,Nontronite
10,24,Sulfates,0.44335323155541,Montmorillonite,Nontronite
10,25,Sulfates,0.6618596965629499,Montmorillonite,Nontronite
10,26,Sulfates,0.6819379046160355,Montmorillonite,Nontronite
10,27,Sulfates,0.7114390962275906,Montmorillonite,Ilmenite
10,28,Sulfates,0.5897821932436564,Montmorillonite,Nontronite
10,29,Sulfates,0.5846196207159694,Montmorillonite,Nontronite
10,30,Sulfates,0.5079519287967896,Montmorillonite,Nontronite
10,31,Sulfates,0.6936072754040329,Montmorillonite,Nontronite
10,32,Sulfates,0.5916085569119357,Montmorillonite,Nontronite
10,33,Sulfates,0.6765130275788322,Montmorillonite,Nontronite
10,34,Sulfates,0.712608253079152,Montmorillonite,Ilmenite
10,35,Sulfates,0.6533740903164701,Montmorillonite,Nontronite
10,36,Sulfates,0.6570015086468844,Montmorillonite,Nontronite
10,37,Sulfates,0.7502729208084884,Montmorillonite,Ilmenite
10,38,Sulfates,0.5545757542867675,Montmorillonite,Nontronite
10,39,Sulfates,0.7242343549919656,Montmorillonite,Ilmenite
10,40,Sulfates,0.706146225802931,Montmorillonite,Ilmenite
10,41,Sulfates,0.9995477062393511,Montmorillonite,Ilmenite
10,42,Sulfates,0.7868157111627877,Montmorillonite,Ilmenite
10,43,Sulfates,1.2704101408978752,Montmorillonite,Ilmenite
10,44,Sulfates,0.7462251577818568,Montmorillonite,Ilmenite
10,45,Sulfates,0.7540673319282201,Montmorillonite,Ilmenite
10,46,Sulfates,0.7967257165859204,Montmorillonite,Ilmenite
10,47,Sulfates,0.8368627793836088,Montmorillonite,Ilmenite
10,48,Sulfates,0.7451424474611802,Montmorillonite,Ilmenite
10,49,Sulfates,0.8533306589419293,Montmorillonite,Ilmenite
10,50,Sulfates,0.797023332413166,Montmorillonite,Ilmenite
10,51,Sulfates,0.7954226548851996,Montmorillonite,Ilmenite
10,52,Sulfates,0.5941689608245416,Montmorillonite,Nontronite
10,53,Sulfates,0.790295696462491,Montmorillonite,Ilmenite
10,54,Sulfates,0.8259204114882399,Montmorillonite,Ilmenite
10,55,Sulfates,0.8505579405103794,Montmorillonite,Ilmenite
10,56,Sulfates,0.7205373223684627,Montmorillonite,Ilmenite
10,57,Sulfates,0.5870771221439245,Montmorillonite,Nontronite
10,58,Sulfates,0.7696838951257001,Montmorillonite,Ilmenite
10,59,Sulfates,0.8164765197063044,Montmorillonite,Ilmenite
10,60,Sulfates,0.7305102434859905,Montmorillonite,Ilmenite
10,61,Sulfates,0.6658641319588513,Montmorillonite,Ilmenite
11,3,Sulfates,0.8078908345677652,Montmorillonite,Ilmenite
11,4,Sulfates,0.7594680877144173,Montmorillonite,Ilmenite
11,5,Sulfates,0.817318920898783,Montmorillonite,Ilmenite
11,6,Sulfates,0.6916452873479126,Montmorillonite,Ilmenite
11,7,Sulfates,0.796034569292282,Montmorillonite,Ilmenite
11,8,Sulfates,0.6987760151416201,Montmorillonite,Nontronite
11,9,Sulfates,0.6237793092554986,Montmorillonite,Nontronite
11,10,Sulfates,0.6850739610354504,Montmorillonite,Nontronite
11,11,Sulfates,0.7044238782447432,Montmorillonite,Ilmenite
11,12,Sulfates,0.7559828983913146,Montmorillonite,Ilmenite
11,13,Sulfates,0.7656800818209594,Montmorillonite,Ilmenite
11,14,Sulfates,0.6511396365968464,Montmorillonite,Nontronite
11,15,Sulfates,0.8025321485884794,Montmorillonite,Ilmenite
11,16,Sulfates,0.570727067348037,Montmorillonite,Nontronite
11,17,Sulfates,0.5251292510398865,Montmorillonite,Nontronite
11,18,Sulfates,0.5574502795805217,Montmorillonite,Nontronite
11,19,Sulfates,0.5573583580345156,Montmorillonite,Nontronite
11,20,Sulfates,0.45236931497768923,Montmorillonite,Nontronite
11,21,Sulfates,0.46622652667055214,Montmorillonite,Nontronite
11,22,Sulfates,0.46620060985829903,Montmorillonite,Nontronite
11,23,Sulfates,0.552826149326967,Montmorillonite,Nontronite
11,24,Sulfates,0.6645679928556243,Montmorillonite,Nontronite
11,25,Sulfates,0.5468015911347416,Montmorillonite,Nontronite
11,26,Sulfates,0.5778639814386817,Montmorillonite,Nontronite
11,27,Sulfates,0.6062522870802975,Montmorillonite,Nontronite
11,28,Sulfates,0.508571143749842,Montmorillonite,Nontronite
11,29,Sulfates,0.6771410350313124,Montmorillonite,Nontronite
11,30,Sulfates,0.5850276580008335,Montmorillonite,Nontronite
11,31,Sulfates,0.5752965314570947,Montmorillonite,Nontronite
11,32,Sulfates,0.7059236553501068,Montmorillonite,Ilmenite
11,33,Sulfates,0.5789853498497666,Montmorillonite,Nontronite
11,34,Sulfates,0.6131275042703586,Montmorillonite,Nontronite
11,35,Sulfates,0.7694366123314972,Montmorillonite,Ilmenite
11,36,Sulfates,0.7435710588339028,Montmorillonite,Ilmenite
11,37,Sulfates,0.6457801848506113,Montmorillonite,Nontronite
11,38,Sulfates,0.617046956006664,Montmorillonite,Nontronite
11,39,Sulfates,0.6088323026895305,Montmorillonite,Nontronite
11,40,Sulfates,0.585945601315378,Montmorillonite,Nontronite
11,41,Sulfates,0.8560513945899085,Montmorillonite,Ilmenite
11,42,Sulfates,0.7972403205332954,Montmorillonite,Ilmenite
11,43,Sulfates,1.2988600094233331,Montmorillonite,Ilmenite
11,44,Sulfates,0.8221888594992948,Montmorillonite,Ilmenite
11,45,Sulfates,1.2450352763384787,Montmorillonite,Ilmenite
11,46,Sulfates,1.0713814429330317,Montmorillonite,Ilmenite
11,47,Sulfates,0.7856859702565184,Montmorillonite,Ilmenite
11,48,Sulfates,0.7343555072495852,Montmorillonite,Ilmenite
11,49,Sulfates,0.8528554340138973,Montmorillonite,Ilmenite
11,50,Sulfates,0.8181719429018599,Montmorillonite,Ilmenite
11,51,Sulfates,0.6635645483454425,Montmorillonite,Ilmenite
11,52,Sulfates,0.7824720662237719,Montmorillonite,Ilmenite
11,53,Sulfates,0.6039701793314375,Montmorillonite,Nontronite
11,54,Sulfates,0.6612157293425043,Montmorillonite,Nontronite
11,55,Sulfates,0.7748189457401644,Montmorillonite,Ilmenite
11,56,Sulfates,0.8388575484523219,Montmorillonite,Ilmenite
11,57,Sulfates,0.7639915383602817,Montmorillonite,Ilmenite
11,58,Sulfates,0.8480983982633198,Montmorillonite,Ilmenite
11,59,Sulfates,0.6087416238715174,Montmorillonite,Nontronite
11,60,Sulfates,0.608380837694525,Montmorillonite,Ilmenite
11,61,Sulfates,0.8564038178676568,Montmorillonite,Ilmenite
12,3,Sulfates,0.8468771262348744,Montmorillonite,Ilmenite
12,4,Sulfates,0.7983951207236687,Montmorillonite,Ilmenite
12,5,Sulfates,0.8360682970202623,Montmorillonite,Ilmenite
12,6,Sulfates,0.8337962973537818,Montmorillonite,Ilmenite
12,7,Sulfates,0.4875001191012656,Montmorillonite,Nontronite
12,8,Sulfates,0.4866992397307834,Montmorillonite,Nontronite
12,9,Sulfates,0.5928910318830817,Montmorillonite,Nontronite
12,10,Sulfates,0.70464056417299,Montmorillonite,Ilmenite
12,11,Sulfates,0.4793734384991887,Montmorillonite,Nontronite
12,12,Sulfates,0.47015552994861043,Montmorillonite,Nontronite
12,13,Sulfates,0.5150062851418308,Montmorillonite,Nontronite
12,14,Sulfates,0.6000731741808963,Montmorillonite,Nontronite
12,15,Sulfates,0.5134193279799406,Montmorillonite,Nontronite
12,16,Sulfates,0.5453951646886553,Montmorillonite,Nontronite
12,17,Sulfates,0.5172586578663253,Montmorillonite,Nontronite
12,18,Sulfates,0.5574486574025684,Montmorillonite,Nontronite
12,19,Sulfates,0.5402747436714873,Montmorillonite,Nontronite
12,20,Sulfates,0.47105535080674404,Montmorillonite,Nontronite
12,21,Sulfates,0.46748783862226184,Montmorillonite,Nontronite
12,22,Sulfates,0.2861032371517222,Montmorillonite,Nontronite
12,23,Sulfates,0.5813864108776484,Montmorillonite,Nontronite
12,24,Sulfates,0.653589915815661,Montmorillonite,Nontronite
12,25,Sulfates,0.5675483844977924,Montmorillonite,Nontronite
12,26,Sulfates,0.6006383670722936,Montmorillonite,Nontronite
12,27,Sulfates,0.6102249897061953,Montmorillonite,Nontronite
12,28,Sulfates,0.6969943571022252,Montmorillonite,Nontronite
12,29,Sulfates,0.5001678363257145,Montmorillonite,Nontronite
12,30,Sulfates,0.41943102679958444,Montmorillonite,Nontronite
12,31,Sulfates,0.6101343231112164,Montmorillonite,Nontronite
12,32,Sulfates,0.7139008625628754,Montmorillonite,Ilmenite
12,33,Sulfates,0.637749175852942,Montmorillonite,Nontronite
12,34,Sulfates,0.6562409049908018,Montmorillonite,Nontronite
12,35,Sulfates,0.6080588528596721,Montmorillonite,Nontronite
12,36,Sulfates,0.6109223258049179,Montmorillonite,Nontronite
12,37,Sulfates,0.6858548557143039,Montmorillonite,Nontronite
12,38,Sulfates,0.8205852578401291,Montmorillonite,Ilmenite
12,39,Sulfates,0.587820303411339,Montmorillonite,Nontronite
12,40,Sulfates,0.7228259461162253,Montmorillonite,Ilmenite
12,41,Sulfates,0.8494038187252704,Montmorillonite,Ilmenite
12,42,Sulfates,0.7848306285925106,Montmorillonite,Ilmenite
12,43,Sulfates,1.2946935470256975,Montmorillonite,Ilmenite
12,44,Sulfates,0.8253047687205776,Montmorillonite,Ilmenite
12,45,Sulfates,1.2224605035662082,Montmorillonite,Ilmenite
12,46,Sulfates,1.047618920112066,Montmorillonite,Ilmenite
12,47,Sulfates,1.1306808505869463,Montmorillonite,Ilmenite
12,48,Sulfates,0.7597128505491678,Montmorillonite,Ilmenite
12,49,Sulfates,0.6729479750835793,Montmorillonite,Ilmenite
12,50,Sulfates,0.8298143521472258,Montmorillonite,Ilmenite
12,51,Sulfates,0.6902896510662203,Montmorillonite,Ilmenite
12,52,Sulfates,0.7215974426539488,Montmorillonite,Ilmenite
12,53,Sulfates,0.6067877107701773,Montmorillonite,Nontronite
12,54,Sulfates,0.7243558410084683,Montmorillonite,Ilmenite
12,55,Sulfates,0.6773922061273417,Montmorillonite,Nontronite
12,56,Sulfates,0.610147611981489,Montmorillonite,Nontronite
12,57,Sulfates,0.4676209373289881,Montmorillonite,Nontronite
12,58,Sulfates,0.5775786333363377,Montmorillonite,Nontronite
12,59,Sulfates,0.6640651517365643,Montmorillonite,Nontronite
12,60,Sulfates,0.7816186358577832,Montmorillonite,Ilmenite
12,61,Sulfates,0.8432095668947501,Montmorillonite,Ilmenite
13,3,Sulfates,0.739966869868607,Montmorillonite,Ilmenite
13,4,Sulfates,0.8422027363293698,Montmorillonite,Ilmenite
13,5,Sulfates,0.6620296839584746,Montmorillonite,Nontronite
13,6,Sulfates,0.6531241245485612,Montmorillonite,Nontronite
13,7,Sulfates,0.6302024170894617,Montmorillonite,Nontronite
13,8,Sulfates,0.5806665191795715,Montmorillonite,Nontronite
13,9,Sulfates,0.6827092440417276,Montmorillonite,Nontronite
13,10,Sulfates,0.585989302767931,Montmorillonite,Nontronite
13,11,Sulfates,0.7396065345688142,Montmorillonite,Ilmenite
13,12,Sulfates,0.7785567729946095,Montmorillonite,Ilmenite
13,13,Sulfates,0.8141455211253291,Montmorillonite,Ilmenite
13,14,Sulfates,0.6472074098377278,Montmorillonite,Nontronite
13,15,Sulfates,0.5972272264210514,Montmorillonite,Nontronite
13,16,Sulfates,0.7752484780055775,Montmorillonite,Ilmenite
13,17,Sulfates,0.727079936019335,Montmorillonite,Ilmenite
13,18,Sulfates,0.6100065011589336,Montmorillonite,Nontronite
13,19,Sulfates,0.5944284613526153,Montmorillonite,Nontronite
13,20,Sulfates,0.6703508652216991,Montmorillonite,Nontronite
13,21,Sulfates,0.8592440016123405,Montmorillonite,Ilmenite
13,22,Sulfates,0.8097300444503587,Montmorillonite,Ilmenite
13,23,Sulfates,0.7016890482956397,Montmorillonite,Ilmenite
13,24,Sulfates,0.7931760124896343,Montmorillonite,Ilmenite
13,25,Sulfates,0.7573778836979326,Montmorillonite,Ilmenite
13,26,Sulfates,0.8278749486245768,Montmorillonite,Ilmenite
13,27,Sulfates,0.7332340937000619,Montmorillonite,Ilmenite
13,28,Sulfates,0.619608108265948,Montmorillonite,Nontronite
13,29,Sulfates,0.6254094809635162,Montmorillonite,Nontronite
13,30,Sulfates,0.7143582839627984,Montmorillonite,Ilmenite
13,31,Sulfates,0.533521369240348,Montmorillonite,Nontronite
13,32,Sulfates,0.679938705235747,Montmorillonite,Nontronite
13,33,Sulfates,0.5573885732500806,Montmorillonite,Nontronite
13,34,Sulfates,0.6286255093474042,Montmorillonite,Nontronite
13,35,Sulfates,0.5767391789417003,Montmorillonite,Nontronite
13,36,Sulfates,0.5478360726777706,Montmorillonite,Nontronite
13,37,Sulfates,0.79973226647496,Montmorillonite,Ilmenite
13,38,Sulfates,0.7836226688397926,Montmorillonite,Ilmenite
13,39,Sulfates,0.7118361046018133,Montmorillonite,Ilmenite
13,40,Sulfates,0.7045890286468035,Montmorillonite,Ilmenite
13,41,Sulfates,0.5846533659343548,Montmorillonite,Nontronite
13,42,Sulfates,0.5727708676183237,Montmorillonite,Nontronite
13,43,Sulfates,0.6885044453693029,Montmorillonite,Nontronite
13,44,Sulfates,0.7432545434044795,Montmorillonite,Ilmenite
13,45,Sulfates,0.8617388992351173,Montmorillonite,Ilmenite
13,46,Sulfates,0.950359698474793,Montmorillonite,Ilmenite
13,47,Sulfates,0.8220175989552014,Montmorillonite,Ilmenite
13,48,Sulfates,0.804044610760768,Montmorillonite,Ilmenite
13,49,Sulfates,0.7810897146459522,Montmorillonite,Ilmenite
13,50,Sulfates,0.8581870422245094,Montmorillonite,Ilmenite
13,51,Sulfates,0.837938094421661,Montmorillonite,Ilmenite
13,52,Sulfates,0.6763194981231878,Montmorillonite,Nontronite
13,53,Sulfates,0.7870368287180384,Montmorillonite,Ilmenite
13,54,Sulfates,0.42759728714199846,Montmorillonite,Nontronite
13,55,Sulfates,0.3466312430540063,Montmorillonite,Nontronite
13,56,Sulfates,0.28464193294859536,Montmorillonite,Nontronite
13,57,Sulfates,0.46663463007906625,Montmorillonite,Nontronite
13,58,Sulfates,0.20262644567218863,Montmorillonite,Nontronite
13,59,Sulfates,0.6251811668844285,Montmorillonite,Nontronite
13,60,Sulfates,0.8587544751396232,Montmorillonite,Ilmenite
13,61,Sulfates,0.8380991523089352,Montmorillonite,Ilmenite
14,3,Sulfates,0.6664803886122759,Montmorillonite,Nontronite
14,4,Sulfates,0.782441073970058,Montmorillonite,Ilmenite
14,5,Sulfates,0.6182364409039943,Montmorillonite,Nontronite
14,6,Sulfates,0.5034735783171119,Montmorillonite,Nontronite
14,7,Sulfates,0.7442052978563394,Montmorillonite,Ilmenite
14,8,Sulfates,0.4903051609695665,Montmorillonite,Nontronite
14,9,Sulfates,0.568017657137785,Montmorillonite,Nontronite
14,10,Sulfates,0.6806406008258923,Montmorillonite,Nontronite
14,11,Sulfates,0.6322416664929111,Montmorillonite,Nontronite
14,12,Sulfates,0.6974325557451632,Montmorillonite,Nontronite
14,13,Sulfates,0.7407200211907912,Montmorillonite,Ilmenite
14,14,Sulfates,0.8133651231928565,Montmorillonite,Ilmenite
14,15,Sulfates,0.7574277359508571,Montmorillonite,Ilmenite
14,16,Sulfates,0.5792757201026153,Montmorillonite,Nontronite
14,17,Sulfates,0.6866370318939139,Montmorillonite,Nontronite
14,18,Sulfates,0.5647460125402539,Montmorillonite,Nontronite
14,19,Sulfates,0.5390102647270487,Montmorillonite,Nontronite
14,20,Sulfates,0.5103293873280544,Montmorillonite,Nontronite
14,21,Sulfates,0.6494210441995397,Montmorillonite,Nontronite
14,22,Sulfates,0.5525701063968329,Montmorillonite,Nontronite
14,23,Sulfates,0.6005596465605828,Montmorillonite,Nontronite
14,24,Sulfates,0.6761670187939167,Montmorillonite,Nontronite
14,25,Sulfates,0.7710199161007317,Montmorillonite,Ilmenite
14,26,Sulfates,0.6447705742921899,Montmorillonite,Nontronite
14,27,Sulfates,0.6743261694216425,Montmorillonite,Nontronite
14,28,Sulfates,0.7444643040344109,Montmorillonite,Ilmenite
14,29,Sulfates,0.5334571744763428,Montmorillonite,Nontronite
14,30,Sulfates,0.6841838272115711,Montmorillonite,Nontronite
14,31,Sulfates,0.49976973120298857,Montmorillonite,Nontronite
14,32,Sulfates,0.6345490028003741,Montmorillonite,Nontronite
14,33,Sulfates,0.5428144315000687,Montmorillonite,Nontronite
14,34,Sulfates,0.26554395824319993,Montmorillonite,Nontronite
14,35,Sulfates,0.4060381922457011,Montmorillonite,Nontronite
14,36,Sulfates,0.36293549354763893,Montmorillonite,Nontronite
14,37,Sulfates,0.24570239195544943,Montmorillonite,Nontronite
14,38,Sulfates,0.35769408672531433,Montmorillonite,Nontronite
14,39,Sulfates,0.2995994346868202,Montmorillonite,Nontronite
14,40,Sulfates,0.34794580495125704,Montmorillonite,Nontronite
14,41,Sulfates,0.5994536246420301,Montmorillonite,Nontronite
14,42,Sulfates,0.4015501751214901,Montmorillonite,Nontronite
14,43,Sulfates,0.6547909502362105,Montmorillonite,Nontronite
14,44,Sulfates,0.4375313387882089,Montmorillonite,Nontronite
14,45,Sulfates,0.5222695295443179,Montmorillonite,Nontronite
14,46,Sulfates,0.4693280893596903,Montmorillonite,Nontronite
14,47,Sulfates,0.5950752896385743,Montmorillonite,Nontronite
14,48,Sulfates,0.6195384062745786,Montmorillonite,Nontronite
14,49,Sulfates,0.47602092090570736,Montmorillonite,Nontronite
14,50,Sulfates,0.5583515013249667,Montmorillonite,Nontronite
14,51,Sulfates,0.5226556398260791,Montmorillonite,Nontronite
14,52,Sulfates,0.7420039189432879,Montmorillonite,Ilmenite
14,53,Sulfates,0.597116492843437,Montmorillonite,Nontronite
14,54,Sulfates,0.39793290662237485,Montmorillonite,Nontronite
14,55,Sulfates,0.31344135110230886,Montmorillonite,Nontronite
14,56,Sulfates,0.29695918786015096,Montmorillonite,Nontronite
14,57,Sulfates,0.4143315152035257,Montmorillonite,Nontronite
14,58,Sulfates,0.12332552383987987,Montmorillonite,Hematite
14,59,Sulfates,0.19810088571572818,Montmorillonite,Nontronite
14,60,Sulfates,0.8151841468290291,Montmorillonite,Ilmenite
14,61,Sulfates,0.7083401348235626,Montmorillonite,Ilmenite
